{
  "text": " I think I saw a little, I put this in slack and I saw a little bit of kind of noise around it, which was good. You know, the nutshell here is as we've kind of restructured and tried different things. The event support that we need isn't as nailed down as it needs to be. So the current tactic that we're going with is go to market team, signs up and kind of sponsors that event. So you support as a PMM, your campaign manager does the campaigns for that event, etc.",
  "segments": [
    {
      "id": 0,
      "seek": 0,
      "start": 0.0,
      "end": 8.040000000000001,
      "text": " I think I saw a little, I put this in slack and I saw a little bit of kind of noise around",
      "tokens": [
        50363,
        314,
        892,
        314,
        2497,
        257,
        1310,
        11,
        314,
        1234,
        428,
        287,
        30740,
        290,
        314,
        2497,
        257,
        1310,
        1643,
        286,
        1611,
        286,
        7838,
        1088,
        50765
      ],
      "temperature": 0.0,
      "avg_logprob": -0.279893798828125,
      "compression_ratio": 1.5517241379310345,
      "no_speech_prob": 0.045334115624427795
    },
    {
      "id": 1,
      "seek": 0,
      "start": 8.040000000000001,
      "end": 12.56,
      "text": " it, which was good.",
      "tokens": [
        50765,
        340,
        11,
        543,
        373,
        922,
        13,
        50991
      ],
      "temperature": 0.0,
      "avg_logprob": -0.279893798828125,
      "compression_ratio": 1.5517241379310345,
      "no_speech_prob": 0.045334115624427795
    },
    {
      "id": 2,
      "seek": 0,
      "start": 12.56,
      "end": 19.44,
      "text": " You know, the nutshell here is as we've kind of restructured and tried different things.",
      "tokens": [
        50991,
        921,
        760,
        11,
        262,
        43875,
        994,
        318,
        355,
        356,
        1053,
        1611,
        286,
        27596,
        1522,
        290,
        3088,
        1180,
        1243,
        13,
        51335
      ],
      "temperature": 0.0,
      "avg_logprob": -0.279893798828125,
      "compression_ratio": 1.5517241379310345,
      "no_speech_prob": 0.045334115624427795
    },
    {
      "id": 3,
      "seek": 0,
      "start": 19.44,
      "end": 24.92,
      "text": " The event support that we need isn't as nailed down as it needs to be.",
      "tokens": [
        51335,
        383,
        1785,
        1104,
        326,
        356,
        761,
        2125,
        470,
        355,
        37708,
        866,
        355,
        340,
        2476,
        284,
        307,
        13,
        51609
      ],
      "temperature": 0.0,
      "avg_logprob": -0.279893798828125,
      "compression_ratio": 1.5517241379310345,
      "no_speech_prob": 0.045334115624427795
    },
    {
      "id": 4,
      "seek": 2492,
      "start": 24.92,
      "end": 32.760000000000005,
      "text": " So the current tactic that we're going with is go to market team, signs up and kind",
      "tokens": [
        50363,
        1406,
        262,
        1459,
        18543,
        326,
        356,
        821,
        1016,
        351,
        318,
        467,
        284,
        1910,
        1074,
        11,
        5895,
        510,
        290,
        1611,
        50755
      ],
      "temperature": 0.0,
      "avg_logprob": -0.21285055197921454,
      "compression_ratio": 1.39568345323741,
      "no_speech_prob": 0.5025413632392883
    },
    {
      "id": 5,
      "seek": 2492,
      "start": 32.760000000000005,
      "end": 35.64,
      "text": " of sponsors that event.",
      "tokens": [
        50755,
        286,
        18073,
        326,
        1785,
        13,
        50899
      ],
      "temperature": 0.0,
      "avg_logprob": -0.21285055197921454,
      "compression_ratio": 1.39568345323741,
      "no_speech_prob": 0.5025413632392883
    },
    {
      "id": 6,
      "seek": 2492,
      "start": 35.64,
      "end": 41.0,
      "text": " So you support as a PMM, your campaign manager does the campaigns for that event, etc.",
      "tokens": [
        50899,
        1406,
        345,
        1104,
        355,
        257,
        3122,
        44,
        11,
        534,
        1923,
        4706,
        857,
        262,
        9964,
        329,
        326,
        1785,
        11,
        3503,
        13,
        51167
      ],
      "temperature": 0.0,
      "avg_logprob": -0.21285055197921454,
      "compression_ratio": 1.39568345323741,
      "no_speech_prob": 0.5025413632392883
    }
  ],
  "language": "en"
}